Time,Person_ID,Event2026-09-12 14:55:27,5,Intrusion
2026-09-12 14:55:31,11,Intrusion
2026-09-12 14:55:40,13,Intrusion
2026-09-12 15:00:09,5,Intrusion
2026-09-12 15:00:14,11,Intrusion
2026-09-12 15:00:21,13,Intrusion
2026-09-12 15:00:27,16,Intrusion
2026-09-12 15:13:43,5,Intrusion
2026-09-12 15:13:48,11,Intrusion
2026-09-12 15:13:57,13,Intrusion
2026-09-12 15:14:03,16,Intrusion
2026-09-13 00:23:00,5,Intrusion
2026-09-13 00:23:04,11,Intrusion
2026-09-13 00:23:12,13,Intrusion
2026-09-13 00:23:17,16,Intrusion
2026-09-14 18:24:13,5,Intrusion
2026-09-14 18:24:17,11,Intrusion
2026-09-14 18:24:24,13,Intrusion
2026-09-14 18:24:30,16,Intrusion
2026-09-14 18:28:25,5,Intrusion
2026-09-14 18:28:29,11,Intrusion
2026-09-14 18:28:37,13,Intrusion
2026-09-14 18:28:43,16,Intrusion
2026-09-14 18:30:06,5,Intrusion
2026-09-14 18:30:10,11,Intrusion
2026-09-14 18:30:18,13,Intrusion
2026-09-14 18:30:24,16,Intrusion
